relative_month,effect,se,ci_low,ci_high
-8,1.7826660895489213,0.6859103407022863,0.43828182177244024,3.1270503573254023
-7,0.6168596279180734,0.6370229066635125,-0.631705269142411,1.8654245249785577
-6,0.6489012569839616,0.6747601567957484,-0.6736286503357052,1.9714311643036284
-5,0.8086528027055505,0.4784035654935978,-0.12901818566190115,1.746323791073002
-4,1.129627819166041,0.5267467594228981,0.0972041706971607,2.162051467634921
-3,0.5110537158678597,0.6076854545838914,-0.6800097751165676,1.7021172068522872
-2,0.791761215137952,0.42852356196405944,-0.04814496631160459,1.6316673965875084
-1,0.0,0.0,0.0,0.0
0,-2.7816461257858935,0.4720804776937976,-3.7069238620657368,-1.8563683895060503
1,-2.01549714037025,0.6717239263511694,-3.3320760360185417,-0.698918244721958
2,-1.986749186318768,0.7037038785116879,-3.3660087882016763,-0.6074895844358599
3,-1.6366454963927781,0.6560498045002849,-2.9225031132133363,-0.3507878795722197
4,-2.746099231445627,0.6787134772974871,-4.076377646948702,-1.4158208159425525
5,-2.933487784904719,0.6388893118989492,-4.18571083622666,-1.6812647335827786
6,-2.6018098735344637,0.5295182417583087,-3.639665627380749,-1.5639541196881785
7,-2.812207190177208,0.6200433197012885,-4.027492096791733,-1.5969222835626828
8,-2.7914772108970065,0.6103026271394969,-3.98767036009042,-1.5952840617035926
9,-2.011429652537791,0.6537100866223882,-3.2927014223176716,-0.7301578827579103
10,-1.7039506219206335,0.7686910343953238,-3.210585049335468,-0.19731619450579885
