month,treated,outcome,group
0,0,22.479612579713905,Comparison
0,1,20.713707709050407,Treated
1,0,23.23792493895853,Comparison
1,1,22.205563546035922,Treated
2,0,24.582454840800178,Comparison
2,1,23.06856589744425,Treated
3,0,24.22277995335455,Comparison
3,1,23.154985175426685,Treated
4,0,23.728704734116572,Comparison
4,1,23.574034208689927,Treated
5,0,23.831556809784505,Comparison
5,1,22.609597645150185,Treated
6,0,22.083518304917096,Comparison
6,1,22.64905451806614,Treated
7,0,21.49218756002627,Comparison
7,1,22.1002887844428,Treated
8,0,20.769985603134838,Comparison
8,1,21.33976277237153,Treated
9,0,21.894305327496244,Comparison
9,1,20.568675739512233,Treated
10,0,21.672021484799505,Comparison
10,1,20.756114555166587,Treated
11,0,21.976189577283677,Comparison
11,1,22.275520009775917,Treated
12,0,23.005090304402543,Comparison
12,1,23.379515454961915,Treated
13,0,24.245066510679134,Comparison
13,1,23.453685199607538,Treated
14,0,25.07022304074937,Comparison
14,1,24.31088335874396,Treated
15,0,25.38575815336002,Comparison
15,1,24.786170017075985,Treated
16,0,25.014048390629764,Comparison
16,1,24.735435270806235,Treated
17,0,24.8494658342442,Comparison
17,1,23.952278611122424,Treated
18,0,24.15555685082332,Comparison
18,1,23.539077126971623,Treated
19,0,23.166091956529645,Comparison
19,1,22.127791442933262,Treated
20,0,22.987526203126283,Comparison
20,1,18.79763913835077,Treated
21,0,22.396321831874243,Comparison
21,1,18.972583752514403,Treated
22,0,23.246004298163722,Comparison
22,1,19.851014172855415,Treated
23,0,23.586378227459278,Comparison
23,1,20.54149179207686,Treated
24,0,24.697394731937152,Comparison
24,1,20.543054561501865,Treated
25,0,26.175367563252706,Comparison
25,1,21.833638839358553,Treated
26,0,26.358258689140328,Comparison
26,1,22.348207876616357,Treated
27,0,26.923088053042136,Comparison
27,1,22.702639923875243,Treated
28,0,26.572992709873958,Comparison
28,1,22.373274559987532,Treated
29,0,25.443380988526638,Comparison
29,1,22.023710396999146,Treated
30,0,24.938296242091297,Comparison
30,1,21.826104681181107,Treated
31,0,24.437197706516645,Comparison
31,1,20.577463555018358,Treated
32,0,23.891453803681916,Comparison
32,1,20.60353202894797,Treated
33,0,23.752396864633155,Comparison
33,1,20.998623744419458,Treated
34,0,24.47049909965998,Comparison
34,1,20.17751546382733,Treated
35,0,24.34394842861394,Comparison
35,1,21.18369587592888,Treated
